browser_process_name,browser_object_path,isAllowed
"*Sputnik.exe","*Sputnik\Sputnik\User Data\Default\Login Data*", true
"*ChromePlus.exe","*MapleStudio\ChromePlus\User Data\Default\Login Data*", true
"*QIP Surf.exe","*QIP Surf\User Data\Default\Login Data*", true
"*BlackHawk.exe","*BlackHawk\User Data\Default\Login Data*", true
"*7Star.exe","*7Star\7Star\User Data\Default\Login Data*", true
"*Sleipnir5.exe","*Fenrir Inc\Sleipnir5\setting\modules\ChromiumViewer\Default\Login Data*", true
"*Citrio.exe","*CatalinaGroup\Citrio\User Data\Default\Login Data*", true
"*Chrome SxS.exe","*Google\Chrome SxS\User Data\Default\Login Data*", true
"*Chrome.exe","*Google\Chrome\User Data\Default\Login Data*", true
"*Coowon.exe","*Coowon\Coowon\User Data\Default\Login Data*", true
"*CocCocBrowser.exe","*CocCoc\Browser\User Data\Default\Login Data*", true
"*Uran.exe","*uCozMedia\Uran\User Data\Default\Login Data*", true
"*QQBrowser.exe","*Tencent\QQBrowser\User Data\Default\Login Data*", true
"*Orbitum.exe","*Orbitum\User Data\Default\Login Data*", true
"*Slimjet.exe","*Slimjet\User Data\Default\Login Data*", true
"*Iridium.exe","*Iridium\User Data\Default\Login Data*", true
"*Vivaldi.exe","*Vivaldi\User Data\Default\Login Data*", true
"*Chromium.exe","*Chromium\User Data\Default\Login Data*", true
"*GhostBrowser.exe","*GhostBrowser\User Data\Default\Login Data*", true
"*CentBrowser.exe","*CentBrowser\User Data\Default\Login Data*", true
"*Xvast.exe","*Xvast\User Data\Default\Login Data*", true
"*Chedot.exe","*Chedot\User Data\Default\Login Data*", true
"*SuperBird.exe","*SuperBird\User Data\Default\Login Data*", true
"*360Browser.exe","*360Browser\Browser\User Data\Default\Login Data*", true
"*360Chrome.exe","*360Chrome\Chrome\User Data\Default\Login Data*", true
"*dragon.exe","*Comodo\Dragon\User Data\Default\Login Data*", true
"*brave.exe","*BraveSoftware\Brave-Browser\User Data\Default\Login Data*", true
"*brave.exe","*BraveSoftware\Brave-Browser\User Data\Local State*", true
"*brave.exe","*BraveSoftware\Brave-Browser\User Data\Default*", true
"*torch.exe","*Torch\User Data\Default\Login Data*", true
"*UCBrowser.exe","*UCBrowser\User Data_i18n\Default\UC Login Data.18*", true
"*BliskBrowser.exe","*Blisk\User Data\Default\Login Data*", true
"*Epic Privacy Browser.exe","*Epic Privacy Browser\User Data\Default\Login Data*", true
"*nichrome.exe","*Nichrome\User Data\Default\Login Data*", true
"*AmigoBrowser.exe","*Amigo\User Data\Default\Login Data*", true
"*KometaBrowser.exe","*Kometa\User Data\Default\Login Data*", true
"*XpomBrowser.exe","*Xpom\User Data\Default\Login Data*", true
"*msedge.exe","*Microsoft\Edge\User Data\Default\Login Data*", true
"*msedge.exe","*Microsoft\Edge\User Data\Local State*", true
"*LiebaoBrowser.exe","*Liebao7\User Data\Default\EncryptedStorage*", true
"*AvastBrowser.exe","*AVAST Software\Browser\User Data\Default\Login Data*", true
"*Kinza.exe","*Kinza\User Data\Default\Login Data*", true
"*seamonkey.exe","*Mozilla\SeaMonkey\Profiles\logins.json*", true
"*icedragon.exe","*Comodo\IceDragon\Profiles\logins.json*", true
"*cyberfox.exe","*8pecxstudios\Cyberfox\Profiles\logins.json*", true
"*SlimBrowser.exe","*FlashPeak\SlimBrowser\Profiles\logins.json*", true
"*palemoon.exe","*Moonchild Productions\Pale Moon\Profiles\logins.json*", true
"*opera.exe","*Opera Software\Opera GX Stable\Login Data*", true
"*opera.exe","*Opera Software\Opera GX Stable\Local State*", true
"*yandex.exe","*Yandex\YandexBrowser\User Data\Default\Ya Passman Data*", true
"*yandex.exe","*Yandex\YandexBrowser\User Data\Local State*", true
"*Chrome.exe","*Google\Chrome Beta\User Data\Default\Login Data*", true
"*Chrome.exe","*Google\Chrome Dev\User Data\Default\Login Data*", true
"*Chrome.exe","*Google\Chrome Unstable\User Data\Default\Login Data*", true
"*Chrome.exe","*Google\Chrome Canary\User Data\Default\Login Data*", true
"*Chrome.exe","*Google(x86)\Chrome\User Data\Default\Login Data*", true
"*Chrome.exe","*Google(x86)\Chrome Beta\User Data\Default\Login Data*", true
"*Chrome.exe","*Google(x86)\Chrome SxS\User Data\Default\Login Data*", true
"*Chrome.exe","*Google(x86)\Chrome Dev\User Data\Default\Login Data*", true
"*Chrome.exe","*Google(x86)\Chrome Unstable\User Data\Default\Login Data*", true
"*Chrome.exe","*Google(x86)\Chrome Canary\User Data\Default\Login Data*", true
"*atom.exe","*Mail.Ru\Atom\User Data\Default\Login Data*", true
"*Chromodo.exe","*Comodo\User Data\Default\Login Data*", true
"*360chrome.exe","*360ChromeX\Chrome\User Data\Default\Login Data*", true
"*360se.exe","*360se6\User Data\Default\Login Data*", true
"*360se.exe","*360se\User Data\Default\Login Data*", true
"*Maxthon.exe","*Maxthon3\User Data\Default\Login Data*", true
"*Maxthon.exe","*Maxthon\User Data\Default\Login Data*", true
"*Maxthon.exe","*Maxthon5\Users\*\Login Data*", true
"*k-meleon.exe","*K-Melon\User Data\Default\Login Data*", true
"*SLBrowser.exe","*Lenovo\SLBrowser\*\Login Data*", true
"*Go!.exe","*Go!\User Data\Default\Login Data*", true
"*Secure Browser.exe","*Safer Technologies\Secure Browser\User Data\Default\Login Data*", true
"*Chromodo.exe","*Chromodo\User Data\Default\Login Data*", true
"*yandex.exe","*Yandex\YandexBrowserCanary\User Data\Default\Ya Passman Data*", true
"*yandex.exe","*Yandex\YandexBrowserDeveloper\User Data\Default\Ya Passman Data*", true
"*yandex.exe","*Yandex\YandexBrowserBeta\User Data\Default\Ya Passman Data*", true
"*yandex.exe","*Yandex\YandexBrowserTech\User Data\Default\Ya Passman Data*", true
"*yandex.exe","*Yandex\YandexBrowserSxS\User Data\Default\Ya Passman Data*", true
"*opera.exe","*Opera Software\Opera Stable\Login Data*", true
"*opera.exe","*Opera Software\Opera Neon\User Data\Default\Login Data*", true
"*opera.exe","*Opera Software\Opera Crypto Developer\Login Data*", true
"*Elements Browser.exe","*Elements Browser\User Data\Default\Login Data*", true
"*Mustang.exe","*Rafotech\Mustang\User Data\Default\Login Data*", true
"*Suhba.exe","*Suhba\User Data\Default\Login Data*", true
"*TorBro.exe","*TorBro\Profile\*\Login Data*", true
"*RockMelt.exe","*RockMelt\User Data\Default\Login Data*", true
"*Bromium.exe","*Bromium\User Data\Default\Login Data*", true
"*Twinkstar.exe","*Twinkstar\User Data\Default\Login Data*", true
"*iTop Private Browser.exe","*iTop Private Browser\User Data\Default\Login Data*", true
"*CCleaner Browser.exe","*CCleaner Browser\User Data\Default\Login Data*", true
"*AcWebBrowser.exe","*AcWebBrowser\User Data\Default\Login Data*", true
"*CoolNovo.exe","*CoolNovo\User Data\Default\Login Data*", true
"*spark.exe","*Baidu Spark\User Data\Default\Login Data*", true
"*iron.exe","*SRWare Iron\User Data\Default\Login Data*", true
"*Titan Browser.exe","*Titan Browser\User Data\Default\Login Data*", true
"*AVG Browser.exe","*AVG\Browser\User Data\Default\Login Data*", true
"*UR Browser.exe","*UR Browser\User Data\Default\Login Data*", true
"*Flock.exe","*Flock\User Data\Default\Login Data*", true
"*CryptoTab Browser.exe","*CryptoTab Browser\User Data\Default\Login Data*", true
"*Sidekick.exe","*Sidekick\User Data\Default\Login Data*", true
"*SwingBrowser.exe","*SwingBrowser\User Data\Default\Login Data*", true
"*SalamWeb.exe","*SalamWeb\User Data\Default\Login Data*", true
"*NetboxBrowser.exe","*NetboxBrowser\User Data\Default\Login Data*", true
"*GarenaPlus.exe","*GarenaPlus\User Data\Default\Login Data*", true
"*InsomniacBrowser.exe","*InsomniacBrowser\User Data\Default\Login Data*", true
"*Viasat Browser.exe","*ViaSat\Viasat Browser\User Data\Default\Login Data*", true
"*whale.exe","*Naver\Naver Whale\User Data\Default\Login Data*", true
"*falkon.exe","*falkon\profiles\*\logins.json*", true
"*SogouExplorer.exe","*SogouExplorer\Webkit\*\Login Data*", true
"*LiebaoBrowser.exe","*liebao\User Data\Default\Login Data*", true
"*firefox.exe","*Mozilla\Firefox\Profiles\logins.json*", true
"*waterfox.exe","*Waterfox\Profiles\logins.json*", true
"*k-meleon.exe","*K-Meleon\Profiles\logins.json*", true
"*thunderbird.exe","*Thunderbird\Profiles\logins.json*", true
"*BlackHawk.exe","*NETGATE Technologies\BlackHawk\Profiles\logins.json*", true
"*basilisk.exe","*Moonchild Productions\Basilisk\Profiles\logins.json*", true
"*BitTubeBrowser.exe","*BitTube\BitTubeBrowser\Profiles\logins.json*", true