domain,description
*0bin.net*,0bin.net
*1ty.me*,1ty.me
*235523.xyz*,235523.xyz
*8n1.org*,8n1.org
*99paste.com*,99paste.com
*anonfiles.com*,anonfiles.com
*apaste.info*,apaste.info
*beanpaste.fun*,beanpaste.fun
*bin.bloerg.net*,bin.bloerg.net
*bin.jarkon.fi*,bin.jarkon.fi
*bin.lysator.liu.se*,bin.lysator.liu.se
*bpa.st*,bpa.st
*cl1p.net*,cl1p.net
*clbin.com*,clbin.com
*codebeautify.org*,codebeautify.org
*codeshare.io*,codeshare.io
*commie.io*,commie.io
*controlc.com*,controlc.com
*crypticbin.com*,crypticbin.com
*cutapaste.net*,cutapaste.net
*defuse.ca*,defuse.ca
*dotnetfiddle.net*,dotnetfiddle.net
*dpaste.com*,dpaste.com
*everfall.com*,everfall.com
*filebin.net*,filebin.net
*fragbin.com*,fragbin.com
*friendpaste.com*,friendpaste.com
*ghostbin.co*,ghostbin.co
*gistpad.com*,gistpad.com
*glitch.me*,glitch.me
*gofile.io*,gofile.io
*hastebin.com*,hastebin.com
*hastebin.dev*,hastebin.dev
*ideone.com*,ideone.com
*ivpaste.com*,ivpaste.com
*jaw.gg*,jaw.gg
*jpst.it*,jpst.it
*jsbin.com*,jsbin.com
*jsfiddle.net*,jsfiddle.net
*jsitor.com*,jsitor.com
*justpaste.it*,justpaste.it
*justpaste.me*,justpaste.me
*kpaste.net*,kpaste.net
*lesma.eu*,lesma.eu
*mediafire.com*,mediafire.com
*mega.nz*,mega.nz
*modernpaste.com*,modernpaste.com
*n0paste.tk*,n0paste.tk
*nekobin.com*,nekobin.com
*nopaste.net*,nopaste.net
*notes.io*,notes.io
*p.ip.fi*,p.ip.fi
*paste-bin.xyz*,paste-bin.xyz
*paste.ax*,paste.ax
*paste.centos.org*,paste.centos.org
*paste.debian.net*,paste.debian.net
*paste.ee*,paste.ee
*paste.jp*,paste.jp
*paste.js.org*,paste.js.org
*paste.monster*,paste.monster
*paste.myst.rs*,paste.myst.rs
*paste.ofcode.org*,paste.ofcode.org
*paste.opensuse.org*,paste.opensuse.org
*paste.org.ru*,paste.org.ru
*paste.rohitab.com*,paste.rohitab.com
*paste.sh*,paste.sh
*paste.strictfp.com*,paste.strictfp.com
*paste2.org*,paste2.org
*pastebin*,pastebin
*pastecn.com*,pastecn.com
*pastecode.io*,pastecode.io
*pastecode.ru*,pastecode.ru
*pasted.co*,pasted.co
*pastee.dev*,pastee.dev
*pastejustit.com*,pastejustit.com
*pastelink.net*,pastelink.net
*pastes.io*,pastes.io
*pastesio.com*,pastesio.com
*pastetext.net*,pastetext.net
*pastey.gg*,pastey.gg
*pastie.org*,pastie.org
*primenotepad.com*,primenotepad.com
*privatebin.net*,privatebin.net
*privatlab*,privatlab
*privnote.com*,privnote.com
*quickhighlighter.com*,quickhighlighter.com
*rentry.co*,rentry.co
*send.exploit.in*,send.exploit.in
*sendspace.com*,sendspace.com
*snippet.host*,snippet.host
*storjshare.io*,storjshare.io
*temp.sh*,temp.sh
*termbin.com*,termbin.com
*textbin.net*,textbin.net
*tny.cz*,tny.cz
*transfer.sh*,transfer.sh
*tutpaste.com*,tutpaste.com
*ufile.io,ufile.io
*vpaste.net*,vpaste.net
*xi.pe*,xi.pe
*zerobin.net*,zerobin.net
*zigbin.io*,zigbin.io